"sexo","media_idade_por_sexo"
"F","42.666666666666664"
"M","50.666666666666664"
